size_label,size_mb,iteration,raw_size_bytes,compressed_size_bytes,compression_ratio_pct,ch_latency_ms,serialize_ms,s3_upload_ms,total_miss_ms,s3_download_ms,deserialize_ms,total_hit_ms,speedup_pct
1KB,0.001,1,1024,649,36.62,80.13,1110.98,154.11,1345.33,40.7,0.03,40.73,96.97
1KB,0.001,2,1024,649,36.62,80.13,0.05,59.92,140.2,43.79,0.03,43.82,68.75
1KB,0.001,3,1024,649,36.62,80.13,0.04,64.29,144.56,45.44,0.02,45.47,68.55
1KB,0.001,4,1024,649,36.62,80.13,0.04,65.14,145.41,41.82,0.02,41.84,71.23
1KB,0.001,5,1024,649,36.62,80.13,0.05,60.58,140.89,42.97,0.02,42.99,69.49
1KB,0.001,6,1024,649,36.62,80.13,0.05,65.29,145.58,38.89,0.02,38.91,73.27
1KB,0.001,7,1024,649,36.62,80.13,0.05,61.42,141.7,41.65,0.03,41.68,70.59
1KB,0.001,8,1024,649,36.62,80.13,0.04,63.23,143.5,41.4,0.02,41.42,71.13
1KB,0.001,9,1024,649,36.62,80.13,0.04,62.54,142.81,41.17,0.02,41.19,71.15
1KB,0.001,10,1024,649,36.62,80.13,0.04,69.24,149.51,42.41,0.02,42.43,71.62
1KB,0.001,11,1024,649,36.62,80.13,0.04,69.06,149.34,44.66,0.02,44.68,70.08
1KB,0.001,12,1024,649,36.62,80.13,0.04,65.97,146.24,43.18,0.03,43.21,70.46
1KB,0.001,13,1024,649,36.62,80.13,0.04,65.37,145.65,42.48,0.02,42.5,70.82
1KB,0.001,14,1024,649,36.62,80.13,0.04,61.98,142.24,40.97,0.02,40.99,71.18
1KB,0.001,15,1024,649,36.62,80.13,0.03,67.6,147.82,43.35,0.02,43.38,70.65
1KB,0.001,16,1024,649,36.62,80.13,0.04,64.31,144.57,43.02,0.03,43.05,70.22
1KB,0.001,17,1024,649,36.62,80.13,0.05,65.36,145.61,41.17,0.02,41.2,71.71
1KB,0.001,18,1024,649,36.62,80.13,0.04,97.55,177.82,39.92,0.02,39.94,77.54
1KB,0.001,19,1024,649,36.62,80.13,0.03,63.23,143.46,42.6,0.02,42.63,70.29
1KB,0.001,20,1024,649,36.62,80.13,0.04,63.57,143.85,40.32,0.03,40.34,71.95
1KB,0.001,21,1024,649,36.62,80.13,0.04,65.26,145.52,39.6,0.02,39.62,72.77
1KB,0.001,22,1024,649,36.62,80.13,0.05,60.66,140.92,43.31,0.02,43.33,69.25
1KB,0.001,23,1024,649,36.62,80.13,0.04,67.46,147.73,41.97,0.02,41.99,71.57
1KB,0.001,24,1024,649,36.62,80.13,0.04,66.98,147.25,38.71,0.02,38.73,73.69
1KB,0.001,25,1024,649,36.62,80.13,0.04,60.22,140.49,38.55,0.02,38.58,72.54
1KB,0.001,26,1024,649,36.62,80.13,0.05,75.57,155.85,41.73,0.02,41.75,73.21
1KB,0.001,27,1024,649,36.62,80.13,0.08,64.43,144.75,43.92,0.02,43.94,69.64
1KB,0.001,28,1024,649,36.62,80.13,0.04,59.03,139.31,40.29,0.02,40.31,71.06
1KB,0.001,29,1024,649,36.62,80.13,0.04,65.86,146.14,44.01,0.02,44.03,69.87
1KB,0.001,30,1024,649,36.62,80.13,0.04,62.55,142.83,41.16,0.02,41.18,71.17
10KB,0.0098,1,10240,5265,48.58,81.27,0.13,66.33,147.82,41.3,0.05,41.35,72.03
10KB,0.0098,2,10240,5265,48.58,81.27,0.1,65.18,146.63,45.52,0.07,45.59,68.91
10KB,0.0098,3,10240,5265,48.58,81.27,0.12,64.56,146.05,40.84,0.05,40.9,72.0
10KB,0.0098,4,10240,5265,48.58,81.27,0.14,65.02,146.54,40.28,0.09,40.37,72.45
10KB,0.0098,5,10240,5265,48.58,81.27,0.14,64.88,146.4,43.33,0.09,43.42,70.35
10KB,0.0098,6,10240,5265,48.58,81.27,0.12,67.83,149.33,44.53,0.07,44.59,70.14
10KB,0.0098,7,10240,5265,48.58,81.27,0.13,61.85,143.34,36.84,0.08,36.92,74.24
10KB,0.0098,8,10240,5265,48.58,81.27,0.13,62.54,144.05,39.26,0.05,39.31,72.71
10KB,0.0098,9,10240,5265,48.58,81.27,0.1,63.93,145.39,37.86,0.05,37.91,73.92
10KB,0.0098,10,10240,5265,48.58,81.27,0.13,68.78,150.28,39.58,0.06,39.65,73.62
10KB,0.0098,11,10240,5265,48.58,81.27,0.11,68.31,149.8,43.84,0.05,43.89,70.7
10KB,0.0098,12,10240,5265,48.58,81.27,0.15,68.83,150.36,40.29,0.07,40.36,73.16
10KB,0.0098,13,10240,5265,48.58,81.27,0.12,64.13,145.63,43.13,0.06,43.19,70.34
10KB,0.0098,14,10240,5265,48.58,81.27,0.12,70.56,152.05,38.01,0.05,38.06,74.97
10KB,0.0098,15,10240,5265,48.58,81.27,0.12,65.16,146.66,41.08,0.05,41.13,71.96
10KB,0.0098,16,10240,5265,48.58,81.27,0.09,67.12,148.57,41.92,0.05,41.97,71.75
10KB,0.0098,17,10240,5265,48.58,81.27,0.13,59.67,141.17,43.52,0.08,43.6,69.12
10KB,0.0098,18,10240,5265,48.58,81.27,0.16,65.09,146.63,39.11,0.07,39.18,73.28
10KB,0.0098,19,10240,5265,48.58,81.27,0.11,66.75,148.23,40.85,0.05,40.9,72.41
10KB,0.0098,20,10240,5265,48.58,81.27,0.1,62.09,143.55,39.46,0.06,39.52,72.47
10KB,0.0098,21,10240,5265,48.58,81.27,0.09,129.16,210.58,39.5,0.06,39.56,81.21
10KB,0.0098,22,10240,5265,48.58,81.27,0.14,65.52,147.03,43.97,0.09,44.06,70.03
10KB,0.0098,23,10240,5265,48.58,81.27,0.13,69.45,150.96,42.43,0.05,42.48,71.86
10KB,0.0098,24,10240,5265,48.58,81.27,0.16,63.98,145.51,42.63,0.05,42.68,70.67
10KB,0.0098,25,10240,5265,48.58,81.27,0.11,64.33,145.82,40.68,0.05,40.73,72.07
10KB,0.0098,26,10240,5265,48.58,81.27,0.12,64.86,146.36,44.38,0.06,44.45,69.63
10KB,0.0098,27,10240,5265,48.58,81.27,0.13,63.82,145.33,44.11,0.06,44.18,69.6
10KB,0.0098,28,10240,5265,48.58,81.27,0.12,60.89,142.39,47.44,0.05,47.5,66.64
10KB,0.0098,29,10240,5265,48.58,81.27,0.12,72.99,154.49,41.84,0.05,41.88,72.89
10KB,0.0098,30,10240,5265,48.58,81.27,0.15,63.35,144.88,39.63,0.08,39.71,72.59
50KB,0.0488,1,51200,25937,49.34,86.35,0.51,71.85,158.81,80.82,0.2,81.02,48.98
50KB,0.0488,2,51200,25937,49.34,86.35,0.47,64.59,151.51,40.87,0.25,41.11,72.87
50KB,0.0488,3,51200,25937,49.34,86.35,0.53,79.89,166.87,42.81,0.17,42.98,74.24
50KB,0.0488,4,51200,25937,49.34,86.35,0.51,61.71,148.67,40.41,0.16,40.57,72.71
50KB,0.0488,5,51200,25937,49.34,86.35,0.46,72.84,159.75,43.72,0.19,43.91,72.51
50KB,0.0488,6,51200,25937,49.34,86.35,0.37,61.99,148.79,41.16,0.16,41.32,72.23
50KB,0.0488,7,51200,25937,49.34,86.35,0.5,65.45,152.41,43.17,0.16,43.34,71.57
50KB,0.0488,8,51200,25937,49.34,86.35,0.42,65.82,152.65,40.53,0.21,40.74,73.31
50KB,0.0488,9,51200,25937,49.34,86.35,0.42,64.47,151.33,40.04,0.2,40.25,73.4
50KB,0.0488,10,51200,25937,49.34,86.35,0.38,61.87,148.7,40.72,0.24,40.97,72.45
50KB,0.0488,11,51200,25937,49.34,86.35,0.43,61.78,148.66,41.27,0.18,41.46,72.11
50KB,0.0488,12,51200,25937,49.34,86.35,0.53,65.03,152.01,40.58,0.26,40.85,73.13
50KB,0.0488,13,51200,25937,49.34,86.35,0.51,64.23,151.19,41.31,0.18,41.48,72.56
50KB,0.0488,14,51200,25937,49.34,86.35,0.4,64.56,151.42,44.3,0.16,44.46,70.64
50KB,0.0488,15,51200,25937,49.34,86.35,0.44,79.34,166.23,41.78,0.23,42.01,74.73
50KB,0.0488,16,51200,25937,49.34,86.35,0.48,70.36,157.3,40.92,0.15,41.07,73.89
50KB,0.0488,17,51200,25937,49.34,86.35,0.43,61.73,148.64,41.53,0.17,41.71,71.94
50KB,0.0488,18,51200,25937,49.34,86.35,0.51,64.06,151.02,49.95,0.24,50.19,66.76
50KB,0.0488,19,51200,25937,49.34,86.35,0.51,116.27,203.23,39.95,0.23,40.18,80.23
50KB,0.0488,20,51200,25937,49.34,86.35,0.37,70.93,157.75,39.64,0.17,39.81,74.77
50KB,0.0488,21,51200,25937,49.34,86.35,0.45,65.3,152.19,38.36,0.17,38.53,74.68
50KB,0.0488,22,51200,25937,49.34,86.35,0.43,67.03,153.91,42.61,0.19,42.8,72.19
50KB,0.0488,23,51200,25937,49.34,86.35,0.46,99.26,186.17,43.19,0.18,43.37,76.7
50KB,0.0488,24,51200,25937,49.34,86.35,0.49,135.83,222.78,41.26,0.22,41.48,81.38
50KB,0.0488,25,51200,25937,49.34,86.35,0.49,64.18,151.12,37.99,0.23,38.22,74.71
50KB,0.0488,26,51200,25937,49.34,86.35,0.43,65.67,152.55,44.48,0.17,44.65,70.73
50KB,0.0488,27,51200,25937,49.34,86.35,0.38,79.76,166.58,40.69,0.2,40.9,75.45
50KB,0.0488,28,51200,25937,49.34,86.35,0.46,77.36,164.27,42.08,0.17,42.25,74.28
50KB,0.0488,29,51200,25937,49.34,86.35,0.48,75.78,162.7,37.5,0.16,37.66,76.85
50KB,0.0488,30,51200,25937,49.34,86.35,0.45,61.52,148.42,43.88,0.18,44.06,70.31
100KB,0.0977,1,102400,51743,49.47,92.7,0.9,63.01,156.71,57.07,0.48,57.55,63.27
100KB,0.0977,2,102400,51743,49.47,92.7,0.95,67.22,160.97,40.18,0.38,40.57,74.8
100KB,0.0977,3,102400,51743,49.47,92.7,0.84,91.99,185.63,45.24,0.3,45.54,75.47
100KB,0.0977,4,102400,51743,49.47,92.7,0.84,69.94,163.57,42.54,0.39,42.93,73.76
100KB,0.0977,5,102400,51743,49.47,92.7,0.84,68.2,161.85,39.98,0.39,40.37,75.06
100KB,0.0977,6,102400,51743,49.47,92.7,0.76,73.13,166.69,44.11,0.3,44.41,73.36
100KB,0.0977,7,102400,51743,49.47,92.7,0.77,72.73,166.29,47.1,0.32,47.43,71.48
100KB,0.0977,8,102400,51743,49.47,92.7,0.89,68.52,162.19,42.56,0.41,42.97,73.5
100KB,0.0977,9,102400,51743,49.47,92.7,0.97,65.32,159.09,41.73,0.3,42.03,73.58
100KB,0.0977,10,102400,51743,49.47,92.7,1.02,59.24,153.06,39.99,0.34,40.33,73.65
100KB,0.0977,11,102400,51743,49.47,92.7,0.92,194.45,288.17,61.13,0.4,61.54,78.65
100KB,0.0977,12,102400,51743,49.47,92.7,0.94,66.38,160.12,59.22,0.45,59.67,62.73
100KB,0.0977,13,102400,51743,49.47,92.7,0.8,64.98,158.59,40.66,0.36,41.02,74.14
100KB,0.0977,14,102400,51743,49.47,92.7,0.94,60.72,154.46,45.03,0.35,45.39,70.62
100KB,0.0977,15,102400,51743,49.47,92.7,0.91,70.65,164.36,42.76,0.33,43.09,73.78
100KB,0.0977,16,102400,51743,49.47,92.7,0.82,65.27,158.87,44.23,0.35,44.58,71.94
100KB,0.0977,17,102400,51743,49.47,92.7,0.93,96.36,190.09,41.88,0.31,42.19,77.81
100KB,0.0977,18,102400,51743,49.47,92.7,0.7,88.27,181.76,43.73,0.48,44.21,75.67
100KB,0.0977,19,102400,51743,49.47,92.7,0.96,65.5,159.26,44.81,0.41,45.22,71.6
100KB,0.0977,20,102400,51743,49.47,92.7,0.84,64.47,158.11,40.07,0.4,40.48,74.4
100KB,0.0977,21,102400,51743,49.47,92.7,0.83,65.74,159.37,39.49,0.39,39.88,74.98
100KB,0.0977,22,102400,51743,49.47,92.7,0.77,62.18,155.74,45.85,0.32,46.17,70.35
100KB,0.0977,23,102400,51743,49.47,92.7,0.85,69.09,162.73,40.6,0.32,40.91,74.86
100KB,0.0977,24,102400,51743,49.47,92.7,0.68,62.67,156.14,44.39,0.29,44.67,71.39
100KB,0.0977,25,102400,51743,49.47,92.7,0.9,65.31,159.01,46.5,0.39,46.9,70.51
100KB,0.0977,26,102400,51743,49.47,92.7,0.76,70.06,163.58,44.79,0.46,45.25,72.34
100KB,0.0977,27,102400,51743,49.47,92.7,1.18,81.04,174.97,43.62,0.45,44.08,74.81
100KB,0.0977,28,102400,51743,49.47,92.7,0.79,64.83,158.41,45.53,0.36,45.89,71.03
100KB,0.0977,29,102400,51743,49.47,92.7,0.84,74.46,168.1,39.65,0.46,40.12,76.14
100KB,0.0977,30,102400,51743,49.47,92.7,0.89,63.33,157.03,43.83,0.46,44.3,71.79
500KB,0.4883,1,512000,261292,48.97,143.48,4.22,82.03,229.83,62.94,2.37,65.32,71.58
500KB,0.4883,2,512000,261292,48.97,143.48,4.0,71.69,219.24,40.02,1.99,42.02,80.84
500KB,0.4883,3,512000,261292,48.97,143.48,3.81,69.21,216.57,42.42,1.56,43.98,79.69
500KB,0.4883,4,512000,261292,48.97,143.48,3.84,83.76,231.15,41.5,1.56,43.06,81.37
500KB,0.4883,5,512000,261292,48.97,143.48,4.31,88.53,236.39,41.4,1.54,42.94,81.84
500KB,0.4883,6,512000,261292,48.97,143.48,3.73,107.09,254.39,44.39,1.37,45.76,82.01
500KB,0.4883,7,512000,261292,48.97,143.48,4.1,79.67,227.35,42.05,1.36,43.41,80.91
500KB,0.4883,8,512000,261292,48.97,143.48,3.84,82.19,229.61,49.32,1.37,50.69,77.92
500KB,0.4883,9,512000,261292,48.97,143.48,4.02,75.86,223.46,41.8,1.57,43.38,80.59
500KB,0.4883,10,512000,261292,48.97,143.48,3.97,98.61,246.15,40.51,1.57,42.08,82.91
500KB,0.4883,11,512000,261292,48.97,143.48,3.83,66.9,214.3,42.05,1.52,43.58,79.66
500KB,0.4883,12,512000,261292,48.97,143.48,3.96,68.73,216.25,43.71,1.35,45.06,79.16
500KB,0.4883,13,512000,261292,48.97,143.48,3.87,130.76,278.21,44.2,1.4,45.6,83.61
500KB,0.4883,14,512000,261292,48.97,143.48,3.89,67.78,215.25,43.53,1.38,44.91,79.14
500KB,0.4883,15,512000,261292,48.97,143.48,4.14,91.19,238.91,47.55,1.59,49.15,79.43
500KB,0.4883,16,512000,261292,48.97,143.48,3.8,66.95,214.34,45.8,1.29,47.09,78.03
500KB,0.4883,17,512000,261292,48.97,143.48,3.82,74.47,221.87,46.87,1.27,48.14,78.3
500KB,0.4883,18,512000,261292,48.97,143.48,4.23,108.41,256.22,40.72,1.49,42.21,83.52
500KB,0.4883,19,512000,261292,48.97,143.48,3.7,66.61,213.89,47.63,1.51,49.14,77.02
500KB,0.4883,20,512000,261292,48.97,143.48,3.86,89.65,237.1,46.61,1.36,47.97,79.77
500KB,0.4883,21,512000,261292,48.97,143.48,4.07,100.37,248.01,35.99,1.31,37.31,84.96
500KB,0.4883,22,512000,261292,48.97,143.48,4.08,101.34,249.01,44.78,1.69,46.47,81.34
500KB,0.4883,23,512000,261292,48.97,143.48,4.04,66.92,214.55,42.44,1.53,43.97,79.5
500KB,0.4883,24,512000,261292,48.97,143.48,4.02,86.91,234.51,41.88,1.46,43.34,81.52
500KB,0.4883,25,512000,261292,48.97,143.48,3.9,131.45,278.93,47.45,1.6,49.06,82.41
500KB,0.4883,26,512000,261292,48.97,143.48,3.99,94.71,242.29,41.33,1.52,42.86,82.31
500KB,0.4883,27,512000,261292,48.97,143.48,3.94,67.39,214.92,42.17,1.7,43.88,79.59
500KB,0.4883,28,512000,261292,48.97,143.48,4.14,71.26,218.98,45.51,1.69,47.2,78.44
500KB,0.4883,29,512000,261292,48.97,143.48,3.86,88.41,235.84,42.31,1.67,43.98,81.35
500KB,0.4883,30,512000,261292,48.97,143.48,4.16,80.53,228.27,44.7,1.57,46.27,79.73
1MB,1,1,1048576,533967,49.08,210.0,9.92,362.61,582.63,114.89,3.81,118.7,79.63
1MB,1,2,1048576,533967,49.08,210.0,9.64,177.38,397.1,62.37,3.6,65.97,83.39
1MB,1,3,1048576,533967,49.08,210.0,8.05,122.95,341.1,43.68,3.04,46.72,86.3
1MB,1,4,1048576,533967,49.08,210.0,8.21,118.27,336.59,44.77,2.86,47.63,85.85
1MB,1,5,1048576,533967,49.08,210.0,7.85,166.82,384.78,42.18,2.71,44.9,88.33
1MB,1,6,1048576,533967,49.08,210.0,8.0,138.33,356.43,49.78,2.91,52.69,85.22
1MB,1,7,1048576,533967,49.08,210.0,8.14,144.44,362.69,48.24,3.09,51.33,85.85
1MB,1,8,1048576,533967,49.08,210.0,8.05,178.29,396.45,51.74,2.88,54.62,86.22
1MB,1,9,1048576,533967,49.08,210.0,7.88,89.52,307.49,48.05,2.8,50.85,83.46
1MB,1,10,1048576,533967,49.08,210.0,8.16,138.68,356.95,50.83,2.99,53.83,84.92
1MB,1,11,1048576,533967,49.08,210.0,7.86,129.82,347.78,48.24,2.95,51.2,85.28
1MB,1,12,1048576,533967,49.08,210.0,8.08,135.21,353.4,53.38,2.86,56.25,84.08
1MB,1,13,1048576,533967,49.08,210.0,7.82,103.28,321.21,41.86,2.88,44.74,86.07
1MB,1,14,1048576,533967,49.08,210.0,8.28,127.69,346.09,41.61,2.89,44.5,87.14
1MB,1,15,1048576,533967,49.08,210.0,7.88,136.72,354.71,50.92,2.88,53.8,84.83
1MB,1,16,1048576,533967,49.08,210.0,8.06,135.92,354.08,37.8,2.89,40.69,88.51
1MB,1,17,1048576,533967,49.08,210.0,7.91,79.51,297.53,43.68,2.98,46.66,84.32
1MB,1,18,1048576,533967,49.08,210.0,7.94,141.14,359.19,43.85,2.77,46.62,87.02
1MB,1,19,1048576,533967,49.08,210.0,7.96,122.24,340.31,55.44,3.03,58.47,82.82
1MB,1,20,1048576,533967,49.08,210.0,7.91,143.6,361.62,52.8,2.95,55.75,84.58
1MB,1,21,1048576,533967,49.08,210.0,8.46,103.98,322.55,48.44,3.0,51.44,84.05
1MB,1,22,1048576,533967,49.08,210.0,7.98,78.49,296.58,43.39,2.81,46.2,84.42
1MB,1,23,1048576,533967,49.08,210.0,7.87,83.04,301.02,44.56,3.02,47.58,84.19
1MB,1,24,1048576,533967,49.08,210.0,8.0,125.12,343.22,52.67,2.96,55.64,83.79
1MB,1,25,1048576,533967,49.08,210.0,8.09,127.81,346.01,44.65,2.92,47.57,86.25
1MB,1,26,1048576,533967,49.08,210.0,7.75,106.71,324.57,47.89,2.84,50.73,84.37
1MB,1,27,1048576,533967,49.08,210.0,7.9,134.93,352.92,45.48,3.12,48.6,86.23
1MB,1,28,1048576,533967,49.08,210.0,8.1,154.68,372.89,53.53,2.8,56.34,84.89
1MB,1,29,1048576,533967,49.08,210.0,7.86,148.44,366.4,53.35,3.05,56.4,84.61
1MB,1,30,1048576,533967,49.08,210.0,7.91,121.67,339.68,40.75,2.83,43.59,87.17
2MB,2,1,2097152,1067431,49.1,340.0,16.85,149.02,505.98,48.34,6.55,54.89,89.15
2MB,2,2,2097152,1067431,49.1,340.0,17.29,138.77,496.16,47.86,55.91,103.78,79.08
2MB,2,3,2097152,1067431,49.1,340.0,15.65,126.94,482.67,49.74,6.59,56.34,88.33
2MB,2,4,2097152,1067431,49.1,340.0,16.28,136.87,493.26,50.48,6.98,57.47,88.35
2MB,2,5,2097152,1067431,49.1,340.0,17.3,168.8,526.21,51.36,5.75,57.11,89.15
2MB,2,6,2097152,1067431,49.1,340.0,16.35,124.98,481.43,50.12,6.52,56.64,88.23
2MB,2,7,2097152,1067431,49.1,340.0,17.01,108.67,465.79,51.25,5.74,56.99,87.77
2MB,2,8,2097152,1067431,49.1,340.0,16.25,130.33,486.67,48.19,6.06,54.25,88.85
2MB,2,9,2097152,1067431,49.1,340.0,17.21,165.37,522.68,56.43,5.79,62.21,88.1
2MB,2,10,2097152,1067431,49.1,340.0,16.47,154.02,510.59,58.86,6.11,64.97,87.28
2MB,2,11,2097152,1067431,49.1,340.0,17.01,106.85,463.96,49.13,5.7,54.84,88.18
2MB,2,12,2097152,1067431,49.1,340.0,16.23,203.27,559.61,51.9,6.27,58.17,89.61
2MB,2,13,2097152,1067431,49.1,340.0,17.51,139.21,496.85,51.06,5.92,56.99,88.53
2MB,2,14,2097152,1067431,49.1,340.0,16.52,145.16,501.79,51.46,6.48,57.94,88.45
2MB,2,15,2097152,1067431,49.1,340.0,19.4,120.85,480.33,50.89,5.99,56.89,88.16
2MB,2,16,2097152,1067431,49.1,340.0,19.71,156.05,515.82,49.07,6.1,55.17,89.3
2MB,2,17,2097152,1067431,49.1,340.0,17.36,141.2,498.67,53.98,5.82,59.8,88.01
2MB,2,18,2097152,1067431,49.1,340.0,16.28,160.97,517.35,45.73,6.02,51.75,90.0
2MB,2,19,2097152,1067431,49.1,340.0,17.15,157.56,514.81,46.22,5.85,52.07,89.89
2MB,2,20,2097152,1067431,49.1,340.0,16.29,134.88,491.28,44.68,6.0,50.69,89.68
2MB,2,21,2097152,1067431,49.1,340.0,17.11,306.59,663.81,128.72,5.99,134.72,79.71
2MB,2,22,2097152,1067431,49.1,340.0,16.74,126.16,483.02,62.17,6.34,68.51,85.82
2MB,2,23,2097152,1067431,49.1,340.0,17.22,152.67,509.97,43.67,6.01,49.69,90.26
2MB,2,24,2097152,1067431,49.1,340.0,16.47,146.29,502.86,42.55,6.09,48.65,90.33
2MB,2,25,2097152,1067431,49.1,340.0,17.07,83.4,440.57,45.65,5.79,51.43,88.33
2MB,2,26,2097152,1067431,49.1,340.0,16.39,139.91,496.41,46.0,6.18,52.17,89.49
2MB,2,27,2097152,1067431,49.1,340.0,17.08,116.11,473.29,50.02,5.73,55.75,88.22
2MB,2,28,2097152,1067431,49.1,340.0,16.6,121.66,478.37,43.66,6.28,49.94,89.56
2MB,2,29,2097152,1067431,49.1,340.0,17.41,110.79,468.31,53.2,5.92,59.12,87.38
2MB,2,30,2097152,1067431,49.1,340.0,16.52,143.01,499.65,53.45,6.16,59.61,88.07
5MB,5,1,5242880,2669034,49.09,730.0,46.22,164.81,941.15,73.78,17.17,90.95,90.34
5MB,5,2,5242880,2669034,49.09,730.0,43.24,179.82,953.18,56.11,18.3,74.41,92.19
5MB,5,3,5242880,2669034,49.09,730.0,43.0,169.5,942.61,56.47,17.67,74.15,92.13
5MB,5,4,5242880,2669034,49.09,730.0,44.37,151.05,925.52,55.13,17.98,73.12,92.1
5MB,5,5,5242880,2669034,49.09,730.0,47.96,117.31,895.36,59.65,16.61,76.27,91.48
5MB,5,6,5242880,2669034,49.09,730.0,44.16,175.53,949.81,53.3,16.47,69.78,92.65
5MB,5,7,5242880,2669034,49.09,730.0,43.47,184.64,958.23,52.63,15.67,68.3,92.87
5MB,5,8,5242880,2669034,49.09,730.0,41.94,152.75,924.8,54.31,16.14,70.46,92.38
5MB,5,9,5242880,2669034,49.09,730.0,42.58,162.97,935.67,57.48,16.17,73.66,92.13
5MB,5,10,5242880,2669034,49.09,730.0,42.96,181.91,954.98,57.66,15.26,72.92,92.36
5MB,5,11,5242880,2669034,49.09,730.0,42.56,139.2,911.86,52.78,14.53,67.31,92.62
5MB,5,12,5242880,2669034,49.09,730.0,42.08,129.95,902.13,52.3,14.85,67.15,92.56
5MB,5,13,5242880,2669034,49.09,730.0,42.44,161.74,934.3,51.89,14.13,66.03,92.93
5MB,5,14,5242880,2669034,49.09,730.0,42.85,162.49,935.45,51.77,14.27,66.04,92.94
5MB,5,15,5242880,2669034,49.09,730.0,42.76,165.26,938.14,53.38,14.32,67.7,92.78
5MB,5,16,5242880,2669034,49.09,730.0,43.12,153.6,926.83,55.11,13.95,69.06,92.55
5MB,5,17,5242880,2669034,49.09,730.0,42.6,147.63,920.34,61.08,13.87,74.95,91.86
5MB,5,18,5242880,2669034,49.09,730.0,42.58,172.55,945.24,54.89,13.84,68.73,92.73
5MB,5,19,5242880,2669034,49.09,730.0,42.69,155.41,928.22,52.81,14.0,66.81,92.8
5MB,5,20,5242880,2669034,49.09,730.0,42.66,157.88,930.67,56.99,15.58,72.58,92.2
5MB,5,21,5242880,2669034,49.09,730.0,42.45,179.9,952.47,57.3,13.81,71.11,92.53
5MB,5,22,5242880,2669034,49.09,730.0,42.49,139.47,912.07,54.35,13.87,68.22,92.52
5MB,5,23,5242880,2669034,49.09,730.0,42.76,103.96,876.85,54.06,13.93,68.0,92.25
5MB,5,24,5242880,2669034,49.09,730.0,42.94,131.18,904.24,52.39,13.77,66.16,92.68
5MB,5,25,5242880,2669034,49.09,730.0,42.21,176.47,948.8,57.27,13.84,71.11,92.51
5MB,5,26,5242880,2669034,49.09,730.0,42.21,149.78,922.09,52.66,13.74,66.4,92.8
5MB,5,27,5242880,2669034,49.09,730.0,42.09,151.11,923.31,54.3,14.01,68.32,92.6
5MB,5,28,5242880,2669034,49.09,730.0,42.67,142.66,915.44,54.32,13.9,68.23,92.55
5MB,5,29,5242880,2669034,49.09,730.0,42.37,150.93,923.44,53.09,14.03,67.13,92.73
5MB,5,30,5242880,2669034,49.09,730.0,42.75,162.18,935.02,56.45,13.92,70.37,92.47
10MB,10,1,10485760,5337987,49.09,1380.0,88.06,231.87,1700.05,86.28,32.35,118.64,93.02
10MB,10,2,10485760,5337987,49.09,1380.0,89.31,210.61,1679.96,87.38,36.59,123.97,92.62
10MB,10,3,10485760,5337987,49.09,1380.0,87.74,214.72,1682.58,86.4,34.47,120.88,92.82
10MB,10,4,10485760,5337987,49.09,1380.0,88.08,227.96,1696.16,85.95,33.26,119.21,92.97
10MB,10,5,10485760,5337987,49.09,1380.0,85.18,219.23,1684.53,88.68,32.67,121.36,92.8
10MB,10,6,10485760,5337987,49.09,1380.0,88.48,213.72,1682.3,87.74,33.85,121.61,92.77
10MB,10,7,10485760,5337987,49.09,1380.0,86.77,224.32,1691.19,86.16,32.3,118.47,93.0
10MB,10,8,10485760,5337987,49.09,1380.0,86.55,229.82,1696.49,86.54,31.99,118.53,93.01
10MB,10,9,10485760,5337987,49.09,1380.0,87.13,318.94,1786.18,85.91,33.1,119.01,93.34
10MB,10,10,10485760,5337987,49.09,1380.0,88.39,197.73,1666.23,87.14,31.31,118.45,92.89
10MB,10,11,10485760,5337987,49.09,1380.0,86.23,363.02,1829.37,171.48,30.98,202.46,88.93
10MB,10,12,10485760,5337987,49.09,1380.0,89.35,200.3,1669.76,87.54,34.56,122.1,92.69
10MB,10,13,10485760,5337987,49.09,1380.0,90.64,242.02,1712.79,86.32,30.58,116.9,93.17
10MB,10,14,10485760,5337987,49.09,1380.0,89.88,183.45,1653.45,85.9,31.98,117.89,92.87
10MB,10,15,10485760,5337987,49.09,1380.0,87.49,255.82,1723.42,86.2,31.45,117.66,93.17
10MB,10,16,10485760,5337987,49.09,1380.0,90.63,202.8,1673.54,85.57,29.76,115.33,93.11
10MB,10,17,10485760,5337987,49.09,1380.0,86.09,235.6,1701.81,87.22,30.4,117.62,93.09
10MB,10,18,10485760,5337987,49.09,1380.0,89.02,221.8,1690.94,85.62,29.39,115.01,93.2
10MB,10,19,10485760,5337987,49.09,1380.0,84.93,236.11,1701.16,85.99,29.72,115.71,93.2
10MB,10,20,10485760,5337987,49.09,1380.0,89.35,223.81,1693.28,86.33,28.55,114.89,93.22
10MB,10,21,10485760,5337987,49.09,1380.0,83.14,297.08,1760.34,86.21,29.17,115.39,93.45
10MB,10,22,10485760,5337987,49.09,1380.0,86.4,211.05,1677.57,86.7,29.47,116.17,93.08
10MB,10,23,10485760,5337987,49.09,1380.0,81.67,206.19,1668.0,86.22,28.49,114.71,93.12
10MB,10,24,10485760,5337987,49.09,1380.0,85.0,211.14,1676.26,86.23,27.44,113.67,93.22
10MB,10,25,10485760,5337987,49.09,1380.0,82.87,246.39,1709.39,87.1,28.03,115.14,93.26
10MB,10,26,10485760,5337987,49.09,1380.0,86.73,296.25,1763.1,85.85,27.76,113.61,93.56
10MB,10,27,10485760,5337987,49.09,1380.0,81.62,219.6,1681.33,85.94,29.27,115.21,93.15
10MB,10,28,10485760,5337987,49.09,1380.0,86.42,216.11,1682.66,86.13,26.98,113.12,93.28
10MB,10,29,10485760,5337987,49.09,1380.0,81.76,213.99,1675.84,86.16,29.47,115.64,93.1
10MB,10,30,10485760,5337987,49.09,1380.0,86.21,214.93,1681.27,86.47,27.03,113.5,93.25
20MB,20,1,20971520,10677424,49.09,2680.0,178.07,280.47,3138.67,152.07,64.21,216.28,93.11
20MB,20,2,20971520,10677424,49.09,2680.0,189.11,303.52,3172.75,153.97,68.29,222.27,92.99
20MB,20,3,20971520,10677424,49.09,2680.0,170.79,334.2,3185.12,152.69,68.03,220.73,93.07
20MB,20,4,20971520,10677424,49.09,2680.0,180.87,292.98,3153.98,152.81,69.01,221.83,92.97
20MB,20,5,20971520,10677424,49.09,2680.0,185.15,288.84,3154.11,151.84,69.46,221.31,92.98
20MB,20,6,20971520,10677424,49.09,2680.0,185.22,279.61,3144.95,153.16,68.7,221.87,92.95
20MB,20,7,20971520,10677424,49.09,2680.0,184.61,288.84,3153.57,152.9,68.69,221.59,92.97
20MB,20,8,20971520,10677424,49.09,2680.0,181.74,2354.74,5216.6,152.93,70.92,223.86,95.71
20MB,20,9,20971520,10677424,49.09,2680.0,181.31,1283.61,4145.04,151.96,68.41,220.37,94.68
20MB,20,10,20971520,10677424,49.09,2680.0,182.11,1040.19,3902.44,152.78,67.63,220.42,94.35
20MB,20,11,20971520,10677424,49.09,2680.0,184.79,885.17,3750.07,152.32,68.1,220.43,94.12
20MB,20,12,20971520,10677424,49.09,2680.0,184.86,851.94,3716.89,153.32,66.73,220.06,94.08
20MB,20,13,20971520,10677424,49.09,2680.0,185.81,754.26,3620.18,153.25,64.76,218.02,93.98
20MB,20,14,20971520,10677424,49.09,2680.0,181.56,699.2,3560.88,153.12,66.72,219.85,93.83
20MB,20,15,20971520,10677424,49.09,2680.0,182.33,663.52,3525.96,152.83,66.92,219.76,93.77
20MB,20,16,20971520,10677424,49.09,2680.0,180.44,638.53,3499.08,152.29,65.84,218.14,93.77
20MB,20,17,20971520,10677424,49.09,2680.0,183.13,618.04,3481.27,153.08,66.57,219.66,93.69
20MB,20,18,20971520,10677424,49.09,2680.0,183.8,570.33,3434.25,152.96,66.34,219.3,93.61
20MB,20,19,20971520,10677424,49.09,2680.0,185.62,636.54,3502.27,152.92,62.87,215.79,93.84
20MB,20,20,20971520,10677424,49.09,2680.0,186.36,551.22,3417.7,153.19,66.98,220.17,93.56
20MB,20,21,20971520,10677424,49.09,2680.0,187.96,540.66,3408.73,152.54,62.75,215.29,93.68
20MB,20,22,20971520,10677424,49.09,2680.0,182.41,557.69,3420.25,153.0,64.71,217.72,93.63
20MB,20,23,20971520,10677424,49.09,2680.0,185.51,508.49,3374.11,152.6,61.8,214.4,93.65
20MB,20,24,20971520,10677424,49.09,2680.0,176.45,536.65,3393.21,154.04,63.34,217.38,93.59
20MB,20,25,20971520,10677424,49.09,2680.0,183.91,522.6,3386.64,152.01,61.05,213.07,93.71
20MB,20,26,20971520,10677424,49.09,2680.0,181.05,434.61,3295.78,153.76,63.27,217.03,93.41
20MB,20,27,20971520,10677424,49.09,2680.0,188.78,462.15,3331.05,152.18,61.1,213.28,93.6
20MB,20,28,20971520,10677424,49.09,2680.0,182.19,423.21,3285.53,152.45,64.42,216.88,93.4
20MB,20,29,20971520,10677424,49.09,2680.0,187.36,418.81,3286.29,152.26,60.18,212.44,93.54
20MB,20,30,20971520,10677424,49.09,2680.0,182.53,438.24,3300.88,153.27,61.94,215.21,93.48
30MB,30,1,31457280,16043922,49.0,3980.0,301.53,537.41,4819.05,275.01,96.06,371.08,92.3
30MB,30,2,31457280,16043922,49.0,3980.0,292.14,363.47,4635.73,221.25,102.98,324.23,93.01
30MB,30,3,31457280,16043922,49.0,3980.0,285.62,372.62,4638.36,246.31,100.69,347.01,92.52
30MB,30,4,31457280,16043922,49.0,3980.0,291.72,379.14,4650.98,221.78,99.66,321.44,93.09
30MB,30,5,31457280,16043922,49.0,3980.0,285.4,358.1,4623.62,222.06,99.88,321.95,93.04
30MB,30,6,31457280,16043922,49.0,3980.0,281.84,338.34,4600.3,221.72,99.43,321.16,93.02
30MB,30,7,31457280,16043922,49.0,3980.0,304.29,350.38,4634.8,221.29,99.45,320.75,93.08
30MB,30,8,31457280,16043922,49.0,3980.0,279.97,354.15,4614.24,222.51,98.44,320.96,93.04
30MB,30,9,31457280,16043922,49.0,3980.0,295.53,378.41,4654.06,223.83,100.79,324.62,93.02
30MB,30,10,31457280,16043922,49.0,3980.0,298.32,349.49,4627.93,221.57,98.81,320.38,93.08
30MB,30,11,31457280,16043922,49.0,3980.0,311.29,374.46,4665.87,225.15,100.55,325.71,93.02
30MB,30,12,31457280,16043922,49.0,3980.0,296.55,377.64,4654.32,222.31,98.23,320.54,93.11
30MB,30,13,31457280,16043922,49.0,3980.0,297.6,328.33,4606.04,221.4,100.8,322.21,93.0
30MB,30,14,31457280,16043922,49.0,3980.0,299.17,401.23,4680.52,221.96,101.03,323.0,93.1
30MB,30,15,31457280,16043922,49.0,3980.0,293.9,366.07,4640.1,236.48,99.52,336.01,92.76
30MB,30,16,31457280,16043922,49.0,3980.0,299.83,359.33,4639.28,221.88,97.4,319.29,93.12
30MB,30,17,31457280,16043922,49.0,3980.0,294.19,390.49,4664.75,221.7,101.44,323.15,93.07
30MB,30,18,31457280,16043922,49.0,3980.0,311.96,333.86,4625.94,221.13,96.48,317.61,93.13
30MB,30,19,31457280,16043922,49.0,3980.0,293.86,346.3,4620.29,221.85,98.99,320.85,93.06
30MB,30,20,31457280,16043922,49.0,3980.0,312.74,352.94,4645.81,221.97,100.41,322.38,93.06
30MB,30,21,31457280,16043922,49.0,3980.0,300.36,368.95,4649.44,228.45,99.57,328.02,92.94
30MB,30,22,31457280,16043922,49.0,3980.0,316.92,355.28,4652.32,223.37,96.64,320.02,93.12
30MB,30,23,31457280,16043922,49.0,3980.0,295.78,384.2,4660.09,222.82,98.45,321.28,93.11
30MB,30,24,31457280,16043922,49.0,3980.0,314.04,370.09,4664.25,221.88,96.5,318.39,93.17
30MB,30,25,31457280,16043922,49.0,3980.0,295.53,377.38,4653.02,223.44,98.25,321.69,93.09
30MB,30,26,31457280,16043922,49.0,3980.0,306.76,341.5,4628.38,221.6,99.31,320.92,93.07
30MB,30,27,31457280,16043922,49.0,3980.0,320.27,332.24,4632.63,225.23,100.38,325.62,92.97
30MB,30,28,31457280,16043922,49.0,3980.0,307.16,334.01,4621.29,222.23,94.76,316.99,93.14
30MB,30,29,31457280,16043922,49.0,3980.0,299.92,374.36,4654.39,222.12,97.44,319.57,93.13
30MB,30,30,31457280,16043922,49.0,3980.0,310.33,394.91,4685.37,222.24,94.87,317.12,93.23
50MB,50,1,52428800,26776206,48.93,6580.0,503.42,579.2,7662.74,411.14,183.78,594.93,92.24
50MB,50,2,52428800,26776206,48.93,6580.0,496.99,812.04,7889.14,357.39,182.2,539.6,93.16
50MB,50,3,52428800,26776206,48.93,6580.0,491.06,473.78,7544.97,356.94,182.87,539.82,92.85
50MB,50,4,52428800,26776206,48.93,6580.0,487.45,555.9,7623.48,404.17,185.59,589.77,92.26
50MB,50,5,52428800,26776206,48.93,6580.0,489.19,529.84,7599.15,397.55,182.89,580.45,92.36
50MB,50,6,52428800,26776206,48.93,6580.0,485.97,509.88,7575.96,355.86,180.01,535.88,92.93
50MB,50,7,52428800,26776206,48.93,6580.0,499.08,543.0,7622.2,445.03,181.6,626.63,91.78
50MB,50,8,52428800,26776206,48.93,6580.0,480.24,556.22,7616.59,374.91,184.63,559.54,92.65
50MB,50,9,52428800,26776206,48.93,6580.0,502.4,489.78,7572.31,357.92,180.44,538.37,92.89
50MB,50,10,52428800,26776206,48.93,6580.0,495.56,422.6,7498.27,355.87,184.12,540.0,92.8
50MB,50,11,52428800,26776206,48.93,6580.0,519.55,511.78,7611.43,354.84,184.59,539.44,92.91
50MB,50,12,52428800,26776206,48.93,6580.0,519.83,433.46,7533.42,364.26,183.83,548.1,92.72
50MB,50,13,52428800,26776206,48.93,6580.0,509.27,456.97,7546.38,354.6,177.45,532.07,92.95
50MB,50,14,52428800,26776206,48.93,6580.0,496.55,555.97,7632.64,411.75,199.96,611.73,91.99
50MB,50,15,52428800,26776206,48.93,6580.0,499.94,486.58,7566.64,355.98,177.4,533.39,92.95
50MB,50,16,52428800,26776206,48.93,6580.0,507.95,621.83,7709.87,371.85,176.46,548.32,92.89
50MB,50,17,52428800,26776206,48.93,6580.0,516.91,518.33,7615.33,406.57,176.84,583.42,92.34
50MB,50,18,52428800,26776206,48.93,6580.0,486.37,539.24,7605.73,425.72,177.28,603.01,92.07
50MB,50,19,52428800,26776206,48.93,6580.0,500.07,563.38,7643.57,355.95,175.99,531.95,93.04
50MB,50,20,52428800,26776206,48.93,6580.0,496.23,465.46,7541.8,370.5,180.87,551.38,92.69
50MB,50,21,52428800,26776206,48.93,6580.0,511.59,387.8,7479.52,357.42,174.62,532.04,92.89
50MB,50,22,52428800,26776206,48.93,6580.0,498.38,479.63,7558.14,357.93,174.93,532.87,92.95
50MB,50,23,52428800,26776206,48.93,6580.0,493.77,637.68,7711.56,390.65,180.17,570.83,92.6
50MB,50,24,52428800,26776206,48.93,6580.0,513.89,431.92,7525.93,355.22,172.6,527.83,92.99
50MB,50,25,52428800,26776206,48.93,6580.0,481.13,570.23,7631.48,430.09,181.87,611.97,91.98
50MB,50,26,52428800,26776206,48.93,6580.0,471.34,474.47,7525.92,354.42,169.41,523.84,93.04
50MB,50,27,52428800,26776206,48.93,6580.0,513.61,477.54,7571.26,354.65,172.44,527.1,93.04
50MB,50,28,52428800,26776206,48.93,6580.0,498.85,661.61,7740.58,379.51,175.4,554.92,92.83
50MB,50,29,52428800,26776206,48.93,6580.0,505.51,442.57,7528.19,355.61,173.61,529.22,92.97
50MB,50,30,52428800,26776206,48.93,6580.0,495.7,572.04,7647.86,354.79,172.66,527.46,93.1
